1;velton;velton123;montevelton@gmail.com;velton123;1234567898;
2;toin;toin;toin@gmail.com;toin123;10109090
3;Andre;Andre123;andre@gmail.com;andre321;90908080
4;Gabriel;Gabriel456;Gabriel@gmail.com;Gabriel123;70708080
5;Fulano;Fulano1010;Fulano@gmail.com;fulano123;12123232
6;beltrano;baltrano321;beltrano@gmail.com;beltrano321;43434545
7;ciclano;ciclano1432;ciclano@gmail.com;123456;12123232
8;d;l;รง;รง;รง
9;s;s;s;s;s
10;s;s;s;s;s
11;s;s;s;s;s
